"_time","artist_name",eventtype,"search_terms","bc_uri","track_name"
"1360368808.948083",,"ua-mobile-ipad",LMFAO,"/browse/search/LMFAO",
"1360368808.945860",,"ua-mobile-android",,"/ads/showbanner",
"1360368808.939115",,"ua-mobile-iphone",,"/sync/createplaylist",
"1360368806.935405",,"ua-mobile-android",,"/browse/home",
"1360368806.886419",Rihanna,"ua-mobile-blackberry",,"/browse/tracks/01011207201000005652000000000049","You Da One"
"1360368806.868352",,"ua-mobile-android",,"/auth/5558899235",
"1360368805.956702",,"ua-mobile-blackberry",,"/ads/showbanner",
"1360368805.937359","Toby Keith","ua-mobile-blackberry",,"/browse/tracks/01011207201000005652000000000083","Red Solo Cup"
"1360368805.919084",,"ua-mobile-android",,"/browse/artist/0026",
"1360368805.917081",,"ua-mobile-ipad",,"/sync/createplaylist",
"1360368805.899351",,"ua-mobile-android",,"/sync/createplaylist",
"1360368805.870885",,"ua-mobile-ipad","Foster+The+People","/browse/search/Foster+The+People",
"1360368804.896200","Gavin DeGraw","ua-mobile-android",,"/browse/tracks/01011207201000005652000000000084","Not Over You"
"1360368804.891341",,"ua-mobile-ipad",,"/playhistory/uploadhistory",
"1360368803.927577",,"ua-mobile-blackberry",,"/browse/artist/0012",
"1360368803.925046",Rihanna,"ua-mobile-android",,"/sync/addtolibrary/01011207201000005652000000000049","You Da One"
"1360368802.964016",,"ua-mobile-iphone",,"/playhistory/uploadhistory",
"1360368802.926535",,"ua-mobile-android","Bruno+Mars","/browse/search/Bruno+Mars",
"1360368802.907166",,"ua-mobile-android",,"/auth/5556625350",
"1360368802.902063","Bruno Mars","ua-mobile-ipad ua-mobile-iphone",,"/sync/addtolibrary/01011207201000005652000000000047","It Will Rain"
"1360368801.949173",,"ua-mobile-ipad","Big+Sean","/browse/search/Big+Sean",
"1360368800.881092",Rihanna,"ua-mobile-blackberry",,"/browse/tracks/01011207201000005652000000000021","We Found Love"
"1360368800.868391",,"ua-mobile-ipad ua-mobile-iphone",,"/ads/showbanner",
"1360368799.935397",,"ua-mobile-iphone",,"/browse/artist/001",
"1360368799.880141",,"ua-mobile-iphone",,"/auth/5558932732",
"1360368799.868619",,"ua-mobile-android",,"/browse/home",
"1360368798.914002",,"ua-mobile-ipad",,"/playhistory/uploadhistory",
"1360368798.900862","Flo Rida","ua-mobile-iphone",,"/sync/addtolibrary/01011207201000005652000000000018","Good Feeling"
"1360368797.962347","Luke Bryan","ua-mobile-iphone",,"/browse/tracks/01011207201000005652000000000014","I Don't Want This Night To End"
"1360368797.861032",,"ua-mobile-ipod",Rihanna,"/browse/search/Rihanna",
"1360368796.967348",,"ua-mobile-android","Luke+Bryan","/browse/search/Luke+Bryan",
"1360368796.958983",,"ua-mobile-iphone",,"/sync/addtolibrary/01011207201000005652000000000025",
"1360368796.947328",,"ua-mobile-iphone",,"/playhistory/uploadhistory",
"1360368796.915378",,"ua-mobile-ipad",,"/sync/createplaylist",
"1360368796.915219",,"ua-mobile-android",,"/browse/home",
"1360368796.876446",,"ua-mobile-blackberry",,"/ads/showbanner",
"1360368796.865056",,"ua-mobile-android",,"/browse/artist/0026",
"1360368795.947765",,"ua-mobile-blackberry",,"/ads/showbanner",
"1360368795.927621",,"ua-mobile-android",,"/browse/artist/0014",
"1360368795.875267",,"ua-mobile-iphone",,"/playhistory/uploadhistory",
"1360368794.916312",,"ua-mobile-blackberry",,"/playhistory/uploadhistory",
"1360368793.946443","Maroon 5","ua-mobile-android",,"/browse/tracks/01011207201000005652000000000053","Moves Like Jagger"
"1360368793.911945",,"ua-mobile-ipad",,"/playhistory/uploadhistory",
"1360368793.868637",,"ua-mobile-iphone",,"/sync/createplaylist",
"1360368792.959394",,"ua-mobile-iphone","Maroon+5","/browse/search/Maroon+5",
"1360368792.874771","T-Pain","ua-mobile-android",,"/sync/addtolibrary/01011207201000005652000000000023","5 0'Clock"
"1360368791.967880",,"ua-mobile-android","T-Pain","/browse/search/T-Pain",
"1360368791.938217",,"ua-mobile-android",,"/browse/artist/0032",
"1360368790.936608","David Guetta","ua-mobile-iphone",,"/browse/tracks/01011207201000005652000000000041","Without You"
"1360368790.913277",,"ua-mobile-iphone",,"/browse/home",
"1360368790.893197","Luke Bryan","ua-mobile-ipad",,"/browse/tracks/01011207201000005652000000000014","I Don't Want This Night To End"
"1360368789.885935",Rihanna,"ua-mobile-ipod",,"/sync/addtolibrary/01011207201000005652000000000049","You Da One"
"1360368789.881347","Jay Z Kanye West","ua-mobile-android",,"/sync/addtolibrary/01011207201000005652000000000007","Ninjas in Paris"
"1360368789.875899",,"ua-mobile-android","Snoop+Dogg","/browse/search/Snoop+Dogg",
"1360368789.864568",,"ua-mobile-iphone",,"/ads/showbanner",
"1360368789.301006",,"ua-mobile-iphone","Big+Sean","/browse/search/Big+Sean",
"1360368788.964026",,"ua-mobile-iphone",Drake,"/browse/search/Drake",
"1360368788.923999",,"ua-mobile-iphone",,"/browse/artist/0019",
"1360368787.952029",,"ua-mobile-android",,"/ads/showbanner",
"1360368787.909039",,"ua-mobile-android",,"/auth/5557025652",
"1360368787.876568",,"ua-mobile-android",,"/browse/home",
"1360368787.867839",Adele,"ua-mobile-iphone",,"/browse/tracks/01011207201000005652000000000013","Someone Like You"
"1360368786.953120",,"ua-mobile-iphone",,"/auth/5552166319",
"1360368786.893798",,"ua-mobile-ipad",,"/auth/5554982823",
"1360368785.950227",,"ua-mobile-android",,"/auth/5556581781",
"1360368785.928863",,"ua-mobile-android",Adele,"/browse/search/Adele",
"1360368785.912861",,"ua-mobile-iphone",,"/browse/home",
"1360368784.951687",,"ua-mobile-android",,"/playhistory/uploadhistory",
"1360368784.944385",,"ua-mobile-android",,"/ads/showbanner",
"1360368784.933950",,"ua-mobile-ipad",,"/browse/artist/0020",
"1360368784.919393",,"ua-mobile-android",,"/browse/home",
"1360368784.914614",,"ua-mobile-iphone",Drake,"/browse/search/Drake",
"1360368784.908927",,"ua-mobile-android",,"/ads/showbanner",
"1360368784.892715",,"ua-mobile-iphone",,"/browse/home",
"1360368784.865423",,"ua-mobile-iphone",,"/ads/showbanner",
"1360368782.921783",,"ua-mobile-android","Flo+Rida","/browse/search/Flo+Rida",
"1360368782.918450",,"ua-mobile-ipad","Bruno+Mars","/browse/search/Bruno+Mars",
"1360368781.879686",Rihanna,"ua-mobile-android",,"/browse/tracks/01011207201000005652000000000049","You Da One"
"1360368780.957323",,"ua-mobile-iphone",,"/browse/artist/0019",
"1360368779.923580",,"ua-mobile-iphone",,"/sync/addtolibrary/01011207201000005652000000000025",
"1360368779.899295",,"ua-mobile-blackberry",,"/browse/artist/001",
"1360368779.880544",,"ua-mobile-android",,"/sync/createplaylist",
"1360368778.957012",,"ua-mobile-android","Flo+Rida","/browse/search/Flo+Rida",
"1360368778.899624",,"ua-mobile-android",,"/ads/showbanner",
"1360368778.896729",,"ua-mobile-android",,"/browse/home",
"1360368778.890908",,"ua-mobile-ipad",,"/browse/home",
"1360368778.889143",,"ua-mobile-blackberry",,"/sync/createplaylist",
"1360368778.851413",,"ua-mobile-android",,"/sync/createplaylist",
"1360368777.921526",,"ua-mobile-android",,"/ads/showbanner",
"1360368777.888013",,"ua-mobile-android",,"/auth/5555153211",
"1360368776.939301","Gavin DeGraw","ua-mobile-blackberry",,"/browse/tracks/01011207201000005652000000000084","Not Over You"
"1360368776.938427",,"ua-mobile-iphone","Flo+Rida","/browse/search/Flo+Rida",
"1360368775.943470",,"ua-mobile-iphone",,"/browse/artist/0032",
"1360368775.908886","T-Pain","ua-mobile-ipad",,"/sync/addtolibrary/01011207201000005652000000000023","5 0'Clock"
"1360368775.907186",Adele,"ua-mobile-android",,"/browse/tracks/01011207201000005652000000000013","Someone Like You"
"1360368775.883462",,"ua-mobile-android",,"/auth/5553675132",
"1360368774.954897",,"ua-mobile-ipad",,"/playhistory/uploadhistory",
"1360368774.900957","Kelly Clarkson","ua-mobile-android",,"/browse/tracks/01011207201000005652000000000055","Mr. Know It All"
"1360368774.882247","Gym Class Heroes","ua-mobile-iphone",,"/sync/addtolibrary/01011207201000005652000000000029","Stereo Hearts"
"1360368772.935071",,"ua-mobile-ipod",,"/browse/artist/005",
"1360368772.934815",Drake,"ua-mobile-iphone",,"/sync/addtolibrary/01011207201000005652000000000003",Headlines
"1360368772.933822",,"ua-mobile-ipad ua-mobile-iphone",,"/playhistory/uploadhistory",
"1360368772.889992",,"ua-mobile-android",,"/playhistory/uploadhistory",
"1360368772.859960",,"ua-mobile-ipad",,"/auth/5553283593",
"1360368771.854015",,"ua-mobile-android",,"/auth/5554753149",
"1360368771.853789",,"ua-mobile-android",,"/ads/showbanner",
"1360368770.947822","Foster The People","ua-mobile-blackberry",,"/sync/addtolibrary/01011207201000005652000000000071","Pumped Up Kicks"
"1360368770.927548","Flo Rida","ua-mobile-android",,"/browse/tracks/01011207201000005652000000000018","Good Feeling"
"1360368770.898958",,"ua-mobile-android",,"/browse/artist/005",
"1360368769.939431","Jay Z Kanye West","ua-mobile-blackberry",,"/browse/tracks/01011207201000005652000000000007","Ninjas in Paris"
"1360368769.911153",,"ua-mobile-iphone",,"/playhistory/uploadhistory",
"1360368769.857021","Katy Perry","ua-mobile-android",,"/sync/addtolibrary/01011207201000005652000000000031","The One That Got Away"
"1360368769.317569",,"ua-mobile-iphone",,"/browse/home",
"1360368768.931668",,"ua-mobile-iphone",,"/ads/showbanner",
"1360368768.911297",,"ua-mobile-android",,"/browse/artist/0017",
"1360368768.893048",,"ua-mobile-android",,"/browse/artist/0027",
"1360368767.930460",,"ua-mobile-blackberry",Rihanna,"/browse/search/Rihanna",
"1360368766.940527",,"ua-mobile-iphone","Foster+The+People","/browse/search/Foster+The+People",
"1360368766.926871",Rihanna,"ua-mobile-iphone",,"/sync/addtolibrary/01011207201000005652000000000049","You Da One"
"1360368766.857691",,"ua-mobile-iphone",,"/auth/5556555960",
"1360368766.845191",,"ua-mobile-android",Drake,"/browse/search/Drake",
"1360368765.941605","J.Cole","ua-mobile-android",,"/browse/tracks/01011207201000005652000000000011","Work Out"
"1360368765.911704","Jay Z Kanye West","ua-mobile-android",,"/sync/addtolibrary/01011207201000005652000000000007","Ninjas in Paris"
"1360368765.899515",,"ua-mobile-iphone",,"/browse/home",
"1360368765.872082",,"ua-mobile-blackberry",,"/sync/addtolibrary/01011207201000005652000000000025",
"1360368764.915843","J.Cole","ua-mobile-iphone",,"/browse/tracks/01011207201000005652000000000011","Work Out"
"1360368763.948771",,"ua-mobile-android",,"/ads/showbanner",
"1360368763.896343",,"ua-mobile-ipad",,"/ads/showbanner",
"1360368763.841425",,"ua-mobile-android",,"/browse/home",
"1360368762.919811",,"ua-mobile-android",,"/auth/5553736792",
"1360368762.851282",,"ua-mobile-ipod",,"/auth/5556354463",
"1360368761.906652",,"ua-mobile-android",,"/playhistory/uploadhistory",
"1360368761.900848",,"ua-mobile-ipad",,"/browse/home",
"1360368761.840619",,"ua-mobile-android",,"/sync/createplaylist",
"1360368760.933517",Drake,"ua-mobile-blackberry",,"/browse/tracks/01011207201000005652000000000003",Headlines
"1360368760.929994",,"ua-mobile-ipad ua-mobile-iphone","T-Pain","/browse/search/T-Pain",
"1360368760.895581",,"ua-mobile-android",,"/playhistory/uploadhistory",
"1360368760.895419",,"ua-mobile-iphone","Foster+The+People","/browse/search/Foster+The+People",
"1360368760.846495",,"ua-mobile-android",,"/ads/showbanner",
"1360368759.900882",,"ua-mobile-iphone",,"/browse/artist/0019",
"1360368758.931776",LMFAO,"ua-mobile-ipad ua-mobile-iphone",,"/browse/tracks/01011207201000005652000000000068","Sexy And I Know It"
"1360368758.919323",,"ua-mobile-ipod",,"/browse/artist/0012",
"1360368758.860604","Gavin DeGraw","ua-mobile-iphone",,"/browse/tracks/01011207201000005652000000000084","Not Over You"
"1360368757.921902","Foster The People","ua-mobile-ipad ua-mobile-iphone",,"/browse/tracks/01011207201000005652000000000071","Pumped Up Kicks"
"1360368757.915173",,"ua-mobile-blackberry","Big+Sean","/browse/search/Big+Sean",
"1360368757.885439",Rihanna,"ua-mobile-ipad",,"/browse/tracks/01011207201000005652000000000049","You Da One"
"1360368756.945627",,"ua-mobile-android",,"/sync/createplaylist",
"1360368756.937807",,"ua-mobile-android",,"/playhistory/uploadhistory",
"1360368756.919891",,"ua-mobile-android","Cobra+Starship","/browse/search/Cobra+Starship",
"1360368756.909704",,"ua-mobile-android",,"/browse/home",
"1360368756.904312",,"ua-mobile-blackberry",,"/browse/artist/0012",
"1360368756.847350",,"ua-mobile-android",,"/auth/5552008689",
"1360368755.941949",,"ua-mobile-iphone",,"/browse/home",
"1360368754.902062","David Guetta","ua-mobile-blackberry",,"/browse/tracks/01011207201000005652000000000041","Without You"
"1360368754.887977",,"ua-mobile-ipad",,"/sync/createplaylist",
"1360368754.285102",Drake,"ua-mobile-iphone",,"/browse/tracks/01011207201000005652000000000003",Headlines
"1360368753.904658",,"ua-mobile-blackberry",,"/browse/artist/0015",
"1360368753.872848","Gym Class Heroes","ua-mobile-android",,"/browse/tracks/01011207201000005652000000000029","Stereo Hearts"
"1360368752.854765","Cobra Starship","ua-mobile-blackberry",,"/browse/tracks/01011207201000005652000000000026","You Make Me Feel"
"1360368751.921409",,"ua-mobile-android",,"/auth/5557974528",
"1360368751.914431","Bruno Mars","ua-mobile-iphone",,"/sync/addtolibrary/01011207201000005652000000000047","It Will Rain"
"1360368751.912871",,"ua-mobile-iphone",,"/sync/createplaylist",
"1360368751.904829",,"ua-mobile-blackberry",,"/playhistory/uploadhistory",
"1360368751.904598","Bruno Mars","ua-mobile-iphone",,"/sync/addtolibrary/01011207201000005652000000000047","It Will Rain"
"1360368751.890313",,"ua-mobile-iphone",,"/auth/5556374832",
"1360368751.887349",,"ua-mobile-android",Rihanna,"/browse/search/Rihanna",
"1360368751.882569",,"ua-mobile-ipad",,"/browse/artist/0014",
"1360368751.877663","Snoop Dogg","ua-mobile-iphone",,"/sync/addtolibrary/01011207201000005652000000000017","Young Wild & Free"
"1360368751.873757",,"ua-mobile-android",,"/sync/createplaylist",
"1360368751.864819",,"ua-mobile-ipad ua-mobile-iphone",,"/sync/createplaylist",
"1360368751.845838","T-Pain","ua-mobile-ipad ua-mobile-iphone",,"/browse/tracks/01011207201000005652000000000023","5 0'Clock"
"1360368750.858354",,"ua-mobile-blackberry",,"/browse/home",
"1360368749.888117","Cobra Starship","ua-mobile-android",,"/sync/addtolibrary/01011207201000005652000000000026","You Make Me Feel"
"1360368749.881734",,"ua-mobile-blackberry","Gym+Class+Heroes","/browse/search/Gym+Class+Heroes",
"1360368749.858928",,"ua-mobile-android",,"/browse/artist/006",
"1360368749.334181",,"ua-mobile-iphone",,"/browse/artist/007",
"1360368748.883451","Snoop Dogg","ua-mobile-android",,"/sync/addtolibrary/01011207201000005652000000000017","Young Wild & Free"
"1360368748.862054",,"ua-mobile-ipad ua-mobile-iphone",,"/playhistory/uploadhistory",
"1360368747.915306",,"ua-mobile-blackberry",,"/ads/showbanner",
"1360368747.910663",,"ua-mobile-android",,"/ads/showbanner",
"1360368746.917985",,"ua-mobile-iphone",,"/sync/createplaylist",
"1360368746.916332","J.Cole","ua-mobile-android",,"/sync/addtolibrary/01011207201000005652000000000011","Work Out"
"1360368746.915527",LMFAO,"ua-mobile-iphone",,"/sync/addtolibrary/01011207201000005652000000000068","Sexy And I Know It"
"1360368746.896162",,"ua-mobile-iphone",,"/auth/5557856809",
"1360368745.931822",,"ua-mobile-android","Bruno+Mars","/browse/search/Bruno+Mars",
"1360368745.914852",,"ua-mobile-blackberry",,"/browse/home",
"1360368745.907794",,"ua-mobile-iphone",,"/browse/artist/007",
"1360368745.872714",,"ua-mobile-android",,"/ads/showbanner",
"1360368744.937041",,"ua-mobile-android","Bruno+Mars","/browse/search/Bruno+Mars",
"1360368744.873610",,"ua-mobile-android",,"/browse/home",
"1360368743.853459",,"ua-mobile-blackberry",,"/ads/showbanner",
"1360368742.936948","Snoop Dogg","ua-mobile-iphone",,"/sync/addtolibrary/01011207201000005652000000000017","Young Wild & Free"
"1360368742.912523",,"ua-mobile-iphone",,"/ads/showbanner",
"1360368742.867228",,"ua-mobile-iphone",,"/browse/home",
"1360368742.829342",,"ua-mobile-iphone",,"/browse/artist/0016",
"1360368741.910856",,"ua-mobile-blackberry",,"/browse/artist/005",
"1360368741.907917",,"ua-mobile-android",,"/browse/home",
"1360368740.910305",,"ua-mobile-android",,"/playhistory/uploadhistory",
"1360368740.899584",,"ua-mobile-ipad",,"/auth/5555004149",
"1360368739.917426",,"ua-mobile-iphone",,"/playhistory/uploadhistory",
"1360368739.826888","Gavin DeGraw","ua-mobile-android",,"/browse/tracks/01011207201000005652000000000084","Not Over You"
"1360368738.920899",,"ua-mobile-blackberry",,"/browse/home",
"1360368738.912797",,"ua-mobile-iphone",,"/playhistory/uploadhistory",
"1360368738.862646",,"ua-mobile-iphone",,"/browse/home",
"1360368738.854478",,"ua-mobile-ipad",,"/sync/createplaylist",
"1360368738.840800",,"ua-mobile-iphone",,"/browse/home",
"1360368737.841870",,"ua-mobile-ipad ua-mobile-iphone",,"/auth/5555750166",
"1360368736.934906",,"ua-mobile-ipad",,"/ads/showbanner",
"1360368736.924852","Gym Class Heroes","ua-mobile-android",,"/sync/addtolibrary/01011207201000005652000000000029","Stereo Hearts"
"1360368736.902626",,"ua-mobile-iphone",,"/ads/showbanner",
"1360368736.892957","Luke Bryan","ua-mobile-android",,"/browse/tracks/01011207201000005652000000000014","I Don't Want This Night To End"
"1360368736.841310","Big Sean","ua-mobile-blackberry",,"/sync/addtolibrary/01011207201000005652000000000037",Dance
"1360368735.861814",,"ua-mobile-android",,"/auth/5556931054",
"1360368734.908968",,"ua-mobile-iphone",,"/browse/home",
"1360368734.825380",,"ua-mobile-iphone",,"/browse/artist/0019",
"1360368733.927974",,"ua-mobile-android",,"/browse/home",
"1360368733.908053",,"ua-mobile-iphone",,"/sync/createplaylist",
"1360368733.889813",,"ua-mobile-iphone",,"/playhistory/uploadhistory",
"1360368733.856965",,"ua-mobile-ipad",LMFAO,"/browse/search/LMFAO",
"1360368733.837622","Kelly Clarkson","ua-mobile-blackberry",,"/sync/addtolibrary/01011207201000005652000000000055","Mr. Know It All"
"1360368732.874108",,"ua-mobile-iphone",,"/browse/home",
"1360368731.902797",,"ua-mobile-ipad ua-mobile-iphone","Katy+Perry","/browse/search/Katy+Perry",
"1360368731.828119",,"ua-mobile-android",,"/playhistory/uploadhistory",
"1360368730.930971","Kelly Clarkson","ua-mobile-ipad",,"/sync/addtolibrary/01011207201000005652000000000055","Mr. Know It All"
"1360368730.916300","Luke Bryan","ua-mobile-iphone",,"/browse/tracks/01011207201000005652000000000014","I Don't Want This Night To End"
"1360368730.878158",,"ua-mobile-ipad","Maroon+5","/browse/search/Maroon+5",
"1360368730.878073",,"ua-mobile-android",,"/browse/artist/0011",
"1360368730.873087",,"ua-mobile-iphone","Kelly+Clarkson","/browse/search/Kelly+Clarkson",
"1360368730.854121",,"ua-mobile-blackberry",,"/browse/home",
"1360368730.843505",Rihanna,"ua-mobile-blackberry",,"/browse/tracks/01011207201000005652000000000049","You Da One"
"1360368729.863362",,"ua-mobile-android",,"/playhistory/uploadhistory",
"1360368729.834364",,"ua-mobile-iphone","Big+Sean","/browse/search/Big+Sean",
"1360368728.877496","David Guetta","ua-mobile-iphone",,"/browse/tracks/01011207201000005652000000000041","Without You"
"1360368728.872151","Cobra Starship","ua-mobile-blackberry",,"/sync/addtolibrary/01011207201000005652000000000026","You Make Me Feel"
"1360368728.365066",,"ua-mobile-iphone",,"/playhistory/uploadhistory",
"1360368727.922592",,"ua-mobile-android",,"/auth/5559440881",
"1360368727.882815",,"ua-mobile-android",,"/sync/createplaylist",
"1360368727.869713",,"ua-mobile-ipad",,"/sync/createplaylist",
"1360368727.826834",,"ua-mobile-android",,"/auth/5555315987",
"1360368726.918634",,"ua-mobile-ipad",,"/auth/5553399856",
"1360368726.909654",,"ua-mobile-blackberry",,"/browse/artist/006",
"1360368726.870968",,"ua-mobile-android",,"/browse/artist/006",
"1360368726.835486",,"ua-mobile-iphone","Kelly+Clarkson","/browse/search/Kelly+Clarkson",
"1360368725.842755","Big Sean","ua-mobile-android",,"/sync/addtolibrary/01011207201000005652000000000037",Dance
"1360368725.821668",,"ua-mobile-ipad",,"/sync/createplaylist",
"1360368725.816621",,"ua-mobile-android",,"/playhistory/uploadhistory",
"1360368724.921852",,"ua-mobile-iphone",,"/auth/5552970411",
"1360368724.906864",,"ua-mobile-iphone",,"/sync/createplaylist",
"1360368724.861057",,"ua-mobile-android",Drake,"/browse/search/Drake",
"1360368724.830426",,"ua-mobile-android",,"/auth/5555691525",
"1360368723.922744",,"ua-mobile-ipad ua-mobile-iphone",,"/playhistory/uploadhistory",
"1360368723.861964",,"ua-mobile-iphone",,"/browse/home",
"1360368723.839780",,"ua-mobile-android",,"/ads/showbanner",
"1360368722.921510",,"ua-mobile-iphone",,"/ads/showbanner",
"1360368722.917892",,"ua-mobile-android",,"/auth/5555750166",
"1360368721.879468",,"ua-mobile-android",,"/browse/artist/005",
"1360368721.842421",,"ua-mobile-ipad",,"/browse/home",
"1360368721.838703",,"ua-mobile-iphone",,"/browse/artist/0044",
"1360368720.921224",,"ua-mobile-android",,"/ads/showbanner",
"1360368720.902917",,"ua-mobile-iphone",,"/ads/showbanner",
"1360368719.864244",,"ua-mobile-android",,"/playhistory/uploadhistory",
"1360368719.827411",,"ua-mobile-android","Big+Sean","/browse/search/Big+Sean",
"1360368718.892574",,"ua-mobile-ipad",,"/ads/showbanner",
"1360368718.872251",,"ua-mobile-iphone",,"/sync/createplaylist",
"1360368718.846356",,"ua-mobile-blackberry","Katy+Perry","/browse/search/Katy+Perry",
"1360368718.838719",,"ua-mobile-android",,"/auth/5557128051",
"1360368717.898591",,"ua-mobile-iphone",,"/sync/createplaylist",
"1360368716.876307",,"ua-mobile-android",,"/auth/5558504854",
"1360368716.876067","Katy Perry","ua-mobile-iphone",,"/browse/tracks/01011207201000005652000000000031","The One That Got Away"
"1360368716.864137",,"ua-mobile-android",,"/auth/5557438596",
"1360368716.850502",,"ua-mobile-iphone",,"/browse/artist/0026",
"1360368716.810154",,"ua-mobile-android",,"/browse/home",
"1360368715.863801",Drake,"ua-mobile-iphone",,"/sync/addtolibrary/01011207201000005652000000000003",Headlines
"1360368715.863759",,"ua-mobile-blackberry",,"/auth/5555050508",
"1360368714.886113","Cobra Starship","ua-mobile-blackberry",,"/sync/addtolibrary/01011207201000005652000000000026","You Make Me Feel"
"1360368714.873687",,"ua-mobile-iphone",,"/browse/artist/0015",
"1360368713.846413",,"ua-mobile-iphone","Bruno+Mars","/browse/search/Bruno+Mars",
"1360368713.843961","David Guetta","ua-mobile-ipod",,"/sync/addtolibrary/01011207201000005652000000000041","Without You"
"1360368713.817706",,"ua-mobile-ipad",,"/auth/5559897465",
"1360368712.882448",,"ua-mobile-ipad",,"/sync/createplaylist",
"1360368712.882443",,"ua-mobile-iphone","J.Cole","/browse/search/J.Cole",
"1360368712.875454",,"ua-mobile-android",,"/ads/showbanner",
"1360368712.861221",,"ua-mobile-android",,"/sync/createplaylist",
"1360368712.833207","Katy Perry","ua-mobile-iphone",,"/browse/tracks/01011207201000005652000000000031","The One That Got Away"
"1360368712.813593",,"ua-mobile-iphone",,"/sync/createplaylist",
"1360368711.300558","Luke Bryan","ua-mobile-iphone",,"/browse/tracks/01011207201000005652000000000014","I Don't Want This Night To End"
"1360368710.912829",,"ua-mobile-android",,"/playhistory/uploadhistory",
"1360368710.870096",,"ua-mobile-android",,"/ads/showbanner",
"1360368709.916765",,"ua-mobile-android",,"/browse/home",
"1360368709.904365","David Guetta","ua-mobile-ipad",,"/sync/addtolibrary/01011207201000005652000000000041","Without You"
"1360368709.883124",,"ua-mobile-android",,"/browse/home",
"1360368709.856192",,"ua-mobile-iphone",,"/playhistory/uploadhistory",
"1360368708.915229",,"ua-mobile-android","Maroon+5","/browse/search/Maroon+5",
"1360368708.877503","Maroon 5","ua-mobile-android",,"/browse/tracks/01011207201000005652000000000053","Moves Like Jagger"
"1360368707.904037",,"ua-mobile-ipad ua-mobile-iphone",,"/ads/showbanner",
"1360368707.893935",,"ua-mobile-android",,"/auth/5553184966",
"1360368707.874256",,"ua-mobile-ipad",,"/sync/createplaylist",
"1360368706.911319",,"ua-mobile-android","Big+Sean","/browse/search/Big+Sean",
"1360368706.881794",,"ua-mobile-ipad ua-mobile-iphone",,"/auth/5558964348",
"1360368706.848116",,"ua-mobile-blackberry",,"/sync/createplaylist",
"1360368706.825776",,"ua-mobile-ipad",,"/browse/home",
"1360368706.816931",,"ua-mobile-android","Luke+Bryan","/browse/search/Luke+Bryan",
"1360368706.816094",,"ua-mobile-iphone",,"/browse/artist/0027",
"1360368705.911650",,"ua-mobile-android",,"/browse/artist/0017",
"1360368705.892053",,"ua-mobile-ipad",,"/browse/home",
"1360368705.884679",,"ua-mobile-iphone",,"/ads/showbanner",
"1360368705.877282","Kelly Clarkson","ua-mobile-ipad",,"/browse/tracks/01011207201000005652000000000055","Mr. Know It All"
"1360368705.851049","Cobra Starship","ua-mobile-android",,"/browse/tracks/01011207201000005652000000000026","You Make Me Feel"
"1360368704.865132",,"ua-mobile-android",,"/playhistory/uploadhistory",
"1360368703.891663",,"ua-mobile-iphone","Katy+Perry","/browse/search/Katy+Perry",
"1360368703.820391",,"ua-mobile-iphone",,"/auth/5557324659",
"1360368703.310472",,"ua-mobile-iphone","Gavin+DeGraw","/browse/search/Gavin+DeGraw",
"1360368702.865299",,"ua-mobile-blackberry",,"/browse/home",
"1360368702.800986",,"ua-mobile-android",,"/browse/home",
"1360368701.852571",,"ua-mobile-android","Kelly+Clarkson","/browse/search/Kelly+Clarkson",
"1360368701.807381",,"ua-mobile-android",,"/sync/createplaylist",
"1360368700.895553",,"ua-mobile-android",,"/sync/createplaylist",
"1360368700.889435",,"ua-mobile-android",,"/browse/artist/0032",
"1360368700.856335",,"ua-mobile-iphone",,"/playhistory/uploadhistory",
"1360368700.839486",,"ua-mobile-iphone",,"/browse/artist/0011",
"1360368700.835769","Gym Class Heroes","ua-mobile-android",,"/browse/tracks/01011207201000005652000000000029","Stereo Hearts"
"1360368700.827741",,"ua-mobile-android",,"/ads/showbanner",
"1360368700.802186",,"ua-mobile-iphone",,"/browse/home",
"1360368699.806215",,"ua-mobile-android",,"/playhistory/uploadhistory",
"1360368698.862530",,"ua-mobile-android",,"/sync/createplaylist",
"1360368698.852008",Adele,"ua-mobile-ipad",,"/sync/addtolibrary/01011207201000005652000000000013","Someone Like You"
"1360368698.807436",,"ua-mobile-android",,"/ads/showbanner",
"1360368697.815359",,"ua-mobile-iphone",,"/sync/createplaylist",
"1360368696.847606",,"ua-mobile-android",,"/ads/showbanner",
"1360368696.811368",,"ua-mobile-android",,"/sync/createplaylist",
"1360368696.803441",LMFAO,"ua-mobile-iphone",,"/browse/tracks/01011207201000005652000000000068","Sexy And I Know It"
"1360368695.837016",,"ua-mobile-android",,"/ads/showbanner",
"1360368695.832556",,"ua-mobile-iphone",,"/sync/addtolibrary/01011207201000005652000000000025",
"1360368695.808725","Flo Rida","ua-mobile-android",,"/sync/addtolibrary/01011207201000005652000000000018","Good Feeling"
"1360368694.878768",,"ua-mobile-ipad ua-mobile-iphone",,"/sync/createplaylist",
"1360368694.809883",,"ua-mobile-android",,"/sync/createplaylist",
"1360368694.797452",,"ua-mobile-android",,"/browse/artist/0018",
"1360368693.845830",,"ua-mobile-ipad ua-mobile-iphone",,"/browse/home",
"1360368692.849719",,"ua-mobile-android",,"/sync/createplaylist",
"1360368692.839517",,"ua-mobile-iphone",Adele,"/browse/search/Adele",
"1360368692.833585",,"ua-mobile-android",,"/browse/home",
"1360368691.866558",,"ua-mobile-iphone",LMFAO,"/browse/search/LMFAO",
"1360368691.860957",,"ua-mobile-iphone",,"/ads/showbanner",
"1360368691.860047",,"ua-mobile-iphone",,"/auth/5559972146",
"1360368691.839986",,"ua-mobile-android",,"/playhistory/uploadhistory",
"1360368691.807065",,"ua-mobile-iphone",,"/browse/home",
"1360368691.798999",,"ua-mobile-iphone",,"/ads/showbanner",
"1360368690.847049",,"ua-mobile-android",,"/sync/createplaylist",
"1360368690.843838",,"ua-mobile-android",,"/browse/artist/0022",
"1360368689.847565",,"ua-mobile-android",,"/sync/createplaylist",
"1360368688.886663","Bruno Mars","ua-mobile-iphone",,"/sync/addtolibrary/01011207201000005652000000000047","It Will Rain"
"1360368688.882060",,"ua-mobile-android",,"/sync/createplaylist",
"1360368688.847628","Bruno Mars","ua-mobile-iphone",,"/sync/addtolibrary/01011207201000005652000000000047","It Will Rain"
"1360368688.823185","Flo Rida","ua-mobile-android",,"/browse/tracks/01011207201000005652000000000018","Good Feeling"
"1360368688.819612",,"ua-mobile-android",,"/browse/artist/0026",
"1360368688.813262",,"ua-mobile-iphone",,"/sync/addtolibrary/01011207201000005652000000000025",
"1360368688.808994",,"ua-mobile-android","J.Cole","/browse/search/J.Cole",
"1360368688.801437",,"ua-mobile-iphone",,"/sync/createplaylist",
"1360368687.900977",,"ua-mobile-ipad",,"/playhistory/uploadhistory",
"1360368686.863610",,"ua-mobile-ipad ua-mobile-iphone",,"/browse/artist/0027",
"1360368685.891784",,"ua-mobile-android",,"/playhistory/uploadhistory",
"1360368685.889870",,"ua-mobile-iphone",,"/ads/showbanner",
"1360368685.856103","Gavin DeGraw","ua-mobile-ipad",,"/sync/addtolibrary/01011207201000005652000000000084","Not Over You"
"1360368685.835999","Gavin DeGraw","ua-mobile-android",,"/sync/addtolibrary/01011207201000005652000000000084","Not Over You"
"1360368685.797615",,"ua-mobile-blackberry",,"/sync/createplaylist",
"1360368684.816791",,"ua-mobile-iphone",,"/playhistory/uploadhistory",
"1360368684.256653",,"ua-mobile-iphone",,"/auth/5555832993",
"1360368683.854566",,"ua-mobile-ipad ua-mobile-iphone",,"/ads/showbanner",
"1360368683.808792",,"ua-mobile-iphone",,"/browse/artist/0013",
"1360368683.803829","Toby Keith","ua-mobile-android",,"/browse/tracks/01011207201000005652000000000083","Red Solo Cup"
"1360368682.894079",,"ua-mobile-android",,"/browse/home",
"1360368682.861829",,"ua-mobile-iphone",,"/auth/5555832993",
"1360368682.813620","Toby Keith","ua-mobile-ipad",,"/sync/addtolibrary/01011207201000005652000000000083","Red Solo Cup"
"1360368682.795626",,"ua-mobile-iphone",,"/sync/createplaylist",
"1360368681.865824",,"ua-mobile-android",,"/browse/home",
"1360368681.842242","Gavin DeGraw","ua-mobile-android",,"/browse/tracks/01011207201000005652000000000084","Not Over You"
"1360368680.845905",,"ua-mobile-iphone",,"/playhistory/uploadhistory",
"1360368679.883326",,"ua-mobile-android",,"/sync/addtolibrary/01011207201000005652000000000025",
"1360368679.861897",LMFAO,"ua-mobile-iphone",,"/sync/addtolibrary/01011207201000005652000000000068","Sexy And I Know It"
"1360368679.859491","Bruno Mars","ua-mobile-ipad ua-mobile-iphone",,"/browse/tracks/01011207201000005652000000000047","It Will Rain"
"1360368679.823644",,"ua-mobile-android",,"/browse/home",
"1360368678.856056",,"ua-mobile-android",,"/browse/artist/0015",
"1360368678.845638",,"ua-mobile-android",,"/sync/createplaylist",
"1360368678.789701",,"ua-mobile-ipad",,"/ads/showbanner",
"1360368677.867835",,"ua-mobile-iphone",,"/browse/home",
"1360368676.893834",,"ua-mobile-iphone",,"/auth/5552087114",
"1360368676.891708",,"ua-mobile-blackberry",,"/ads/showbanner",
"1360368676.850921",,"ua-mobile-blackberry",,"/auth/5554892806",
"1360368676.841822","Katy Perry","ua-mobile-ipad",,"/browse/tracks/01011207201000005652000000000031","The One That Got Away"
"1360368676.806472",,"ua-mobile-android",,"/sync/createplaylist",
"1360368675.875954",,"ua-mobile-blackberry",,"/playhistory/uploadhistory",
"1360368675.866773",,"ua-mobile-iphone",,"/playhistory/uploadhistory",
"1360368675.801765","Gym Class Heroes","ua-mobile-iphone",,"/sync/addtolibrary/01011207201000005652000000000029","Stereo Hearts"
"1360368674.856491","Bruno Mars","ua-mobile-iphone",,"/sync/addtolibrary/01011207201000005652000000000047","It Will Rain"
"1360368674.783617","Bruno Mars","ua-mobile-iphone",,"/sync/addtolibrary/01011207201000005652000000000047","It Will Rain"
"1360368674.750100",,"ua-mobile-iphone","David+Guetta","/browse/search/David+Guetta",
"1360368673.889841",,"ua-mobile-ipad ua-mobile-iphone",,"/auth/5557555207",
"1360368673.878197",,"ua-mobile-iphone",,"/browse/artist/0032",
"1360368673.867816",,"ua-mobile-iphone",,"/browse/artist/001",
"1360368673.861517","David Guetta","ua-mobile-iphone",,"/browse/tracks/01011207201000005652000000000041","Without You"
"1360368673.811531",,"ua-mobile-blackberry",,"/auth/5553395569",
"1360368673.792363",,"ua-mobile-android",,"/browse/artist/0032",
"1360368672.873858",,"ua-mobile-iphone",,"/browse/artist/0022",
"1360368672.834793","Foster The People","ua-mobile-ipod",,"/browse/tracks/01011207201000005652000000000071","Pumped Up Kicks"
"1360368672.832252",Drake,"ua-mobile-blackberry",,"/browse/tracks/01011207201000005652000000000003",Headlines
"1360368672.821395",,"ua-mobile-ipad",,"/browse/artist/008",
"1360368671.859827",,"ua-mobile-android",LMFAO,"/browse/search/LMFAO",
"1360368670.854357",,"ua-mobile-ipad",,"/auth/5558816449",
"1360368670.845163",,"ua-mobile-android",Drake,"/browse/search/Drake",
"1360368670.812871",,"ua-mobile-android",,"/playhistory/uploadhistory",
"1360368670.805650",,"ua-mobile-android",,"/auth/5552015132",
"1360368670.782516","Big Sean","ua-mobile-ipod",,"/browse/tracks/01011207201000005652000000000037",Dance
"1360368668.883602",,"ua-mobile-iphone",,"/playhistory/uploadhistory",
"1360368668.840725","Maroon 5","ua-mobile-android",,"/browse/tracks/01011207201000005652000000000053","Moves Like Jagger"
"1360368667.879326",,"ua-mobile-android",,"/auth/5554032644",
"1360368667.866185",,"ua-mobile-android",,"/browse/home",
"1360368667.823326",,"ua-mobile-android",,"/playhistory/uploadhistory",
"1360368666.863573",,"ua-mobile-android",,"/sync/createplaylist",
"1360368666.850982",Adele,"ua-mobile-android",,"/browse/tracks/01011207201000005652000000000013","Someone Like You"
"1360368666.840058",Rihanna,"ua-mobile-ipad ua-mobile-iphone",,"/browse/tracks/01011207201000005652000000000021","We Found Love"
"1360368665.829037","Maroon 5","ua-mobile-android",,"/browse/tracks/01011207201000005652000000000053","Moves Like Jagger"
"1360368665.823020",,"ua-mobile-ipad",,"/sync/createplaylist",
"1360368664.865745",,"ua-mobile-android",,"/ads/showbanner",
"1360368664.813215",,"ua-mobile-android","David+Guetta","/browse/search/David+Guetta",
"1360368664.807370",,"ua-mobile-android",,"/ads/showbanner",
"1360368664.793679",,"ua-mobile-iphone",,"/browse/artist/0027",
"1360368664.789968","Bruno Mars","ua-mobile-ipad ua-mobile-iphone",,"/browse/tracks/01011207201000005652000000000047","It Will Rain"
"1360368662.866989",,"ua-mobile-blackberry",,"/browse/home",
"1360368662.819897","Gavin DeGraw","ua-mobile-iphone",,"/browse/tracks/01011207201000005652000000000084","Not Over You"
"1360368662.786712","Big Sean","ua-mobile-iphone",,"/browse/tracks/01011207201000005652000000000037",Dance
"1360368662.785086",,"ua-mobile-android",,"/ads/showbanner",
"1360368662.300222",,"ua-mobile-iphone","T-Pain","/browse/search/T-Pain",
"1360368661.876464",,"ua-mobile-ipad",,"/playhistory/uploadhistory",
"1360368661.849152",,"ua-mobile-android",,"/auth/5552970411",
"1360368661.837756",,"ua-mobile-blackberry",,"/ads/showbanner",
"1360368661.832444",,"ua-mobile-android",,"/browse/artist/0013",
"1360368661.803845",,"ua-mobile-android",,"/browse/home",
"1360368661.785757",,"ua-mobile-android",,"/browse/artist/0026",
"1360368660.832718",,"ua-mobile-android",,"/auth/5552144871",
"1360368660.819405",,"ua-mobile-android",,"/playhistory/uploadhistory",
"1360368659.801015",,"ua-mobile-iphone",,"/ads/showbanner",
"1360368659.795694",,"ua-mobile-android",,"/browse/tracks/01011207201000005652000000000025",
"1360368658.845627",,"ua-mobile-iphone",,"/auth/5552005169",
"1360368657.883217",,"ua-mobile-iphone",,"/auth/5559218961",
"1360368657.777393",Adele,"ua-mobile-ipad ua-mobile-iphone",,"/sync/addtolibrary/01011207201000005652000000000013","Someone Like You"
"1360368657.777262",,"ua-mobile-android",,"/browse/artist/0015",
"1360368656.860030",,"ua-mobile-blackberry",,"/browse/home",
"1360368656.852903","J.Cole","ua-mobile-blackberry",,"/browse/tracks/01011207201000005652000000000011","Work Out"
"1360368656.842847",,"ua-mobile-iphone",,"/browse/artist/0027",
"1360368656.842514",,"ua-mobile-android",,"/playhistory/uploadhistory",
"1360368656.818914","Luke Bryan","ua-mobile-android",,"/browse/tracks/01011207201000005652000000000014","I Don't Want This Night To End"
"1360368655.808040",,"ua-mobile-android",,"/auth/5555635542",
"1360368655.775080",,"ua-mobile-ipad","Luke+Bryan","/browse/search/Luke+Bryan",
"1360368654.859826",,"ua-mobile-android",,"/playhistory/uploadhistory",
"1360368654.828849","Bruno Mars","ua-mobile-android",,"/browse/tracks/01011207201000005652000000000047","It Will Rain"
"1360368654.827268","Kelly Clarkson","ua-mobile-ipad ua-mobile-iphone",,"/browse/tracks/01011207201000005652000000000055","Mr. Know It All"
"1360368653.777503",,"ua-mobile-iphone",,"/playhistory/uploadhistory",
"1360368653.773942",,"ua-mobile-blackberry",,"/browse/home",
"1360368652.870638",,"ua-mobile-android","Luke+Bryan","/browse/search/Luke+Bryan",
"1360368652.845887","Cobra Starship","ua-mobile-iphone",,"/browse/tracks/01011207201000005652000000000026","You Make Me Feel"
"1360368652.815734",,"ua-mobile-ipad ua-mobile-iphone",,"/ads/showbanner",
"1360368652.792493",,"ua-mobile-blackberry",,"/browse/artist/0026",
"1360368652.322642",,"ua-mobile-iphone",,"/playhistory/uploadhistory",
"1360368651.869256","David Guetta","ua-mobile-blackberry",,"/browse/tracks/01011207201000005652000000000041","Without You"
"1360368651.833074",,"ua-mobile-android",,"/browse/artist/0020",
"1360368651.814535",,"ua-mobile-android",,"/auth/5552073900",
"1360368651.799401",,"ua-mobile-android",,"/browse/home",
"1360368650.852500",,"ua-mobile-iphone","Katy+Perry","/browse/search/Katy+Perry",
"1360368650.839430","J.Cole","ua-mobile-android",,"/sync/addtolibrary/01011207201000005652000000000011","Work Out"
"1360368650.827952",,"ua-mobile-blackberry",,"/browse/home",
"1360368649.871030",,"ua-mobile-android","T-Pain","/browse/search/T-Pain",
"1360368649.855395",,"ua-mobile-iphone",,"/browse/home",
"1360368649.831677",,"ua-mobile-android","Toby+Keith","/browse/search/Toby+Keith",
"1360368649.802370",,"ua-mobile-blackberry",,"/sync/createplaylist",
"1360368649.791384",,"ua-mobile-android",,"/playhistory/uploadhistory",
"1360368649.787709",,"ua-mobile-android",,"/playhistory/uploadhistory",
"1360368648.867211","J.Cole","ua-mobile-android",,"/browse/tracks/01011207201000005652000000000011","Work Out"
"1360368648.824036","Jay Z Kanye West","ua-mobile-android",,"/browse/tracks/01011207201000005652000000000007","Ninjas in Paris"
"1360368647.791331",,"ua-mobile-iphone",,"/ads/showbanner",
"1360368646.851818",,"ua-mobile-android",,"/browse/home",
"1360368646.816158",Drake,"ua-mobile-iphone",,"/sync/addtolibrary/01011207201000005652000000000003",Headlines
"1360368646.769067","Bruno Mars","ua-mobile-ipad",,"/browse/tracks/01011207201000005652000000000047","It Will Rain"
"1360368644.873667",,"ua-mobile-android",,"/sync/createplaylist",
"1360368644.853171",,"ua-mobile-iphone",,"/sync/createplaylist",
"1360368644.836521",,"ua-mobile-iphone",,"/sync/createplaylist",
"1360368644.828407",,"ua-mobile-android",,"/ads/showbanner",
"1360368644.227805",,"ua-mobile-iphone",,"/browse/artist/001",
"1360368643.875232",,"ua-mobile-ipad",,"/playhistory/uploadhistory",
"1360368643.792712",,"ua-mobile-ipad",,"/browse/tracks/01011207201000005652000000000025",
"1360368643.774803",,"ua-mobile-ipad",,"/playhistory/uploadhistory",
"1360368642.827266","Katy Perry","ua-mobile-android",,"/sync/addtolibrary/01011207201000005652000000000031","The One That Got Away"
"1360368642.786616",,"ua-mobile-iphone",,"/ads/showbanner",
"1360368641.813539","T-Pain","ua-mobile-android",,"/browse/tracks/01011207201000005652000000000023","5 0'Clock"
"1360368641.790827","Kelly Clarkson","ua-mobile-ipad",,"/sync/addtolibrary/01011207201000005652000000000055","Mr. Know It All"
"1360368640.870907",,"ua-mobile-android",,"/browse/artist/008",
"1360368640.862106",,"ua-mobile-android",,"/playhistory/uploadhistory",
"1360368640.828100",,"ua-mobile-iphone",,"/browse/artist/0016",
"1360368639.778645",Rihanna,"ua-mobile-android",,"/browse/tracks/01011207201000005652000000000049","You Da One"
"1360368638.871617","Toby Keith","ua-mobile-ipad",,"/sync/addtolibrary/01011207201000005652000000000083","Red Solo Cup"
"1360368638.775747","Cobra Starship","ua-mobile-iphone",,"/sync/addtolibrary/01011207201000005652000000000026","You Make Me Feel"
"1360368637.869967","Katy Perry","ua-mobile-android",,"/browse/tracks/01011207201000005652000000000031","The One That Got Away"
"1360368637.855993",,"ua-mobile-ipad",,"/ads/showbanner",
"1360368637.803384","Snoop Dogg","ua-mobile-android",,"/browse/tracks/01011207201000005652000000000017","Young Wild & Free"
"1360368637.792654","Snoop Dogg","ua-mobile-iphone",,"/browse/tracks/01011207201000005652000000000017","Young Wild & Free"
"1360368637.789288",,"ua-mobile-iphone",,"/browse/home",
"1360368637.782380",,"ua-mobile-android",,"/browse/home",
"1360368637.781716",,"ua-mobile-iphone",,"/sync/createplaylist",
"1360368637.776607",,"ua-mobile-iphone",,"/sync/createplaylist",
"1360368636.856666",,"ua-mobile-android",,"/ads/showbanner",
"1360368636.816776",,"ua-mobile-android",,"/ads/showbanner",
"1360368636.775492",,"ua-mobile-android",,"/sync/createplaylist",
"1360368636.768823",,"ua-mobile-android",,"/sync/createplaylist",
"1360368634.870602",,"ua-mobile-android",,"/sync/createplaylist",
"1360368634.821589","Jay Z Kanye West","ua-mobile-ipad ua-mobile-iphone",,"/sync/addtolibrary/01011207201000005652000000000007","Ninjas in Paris"
"1360368634.802990",,"ua-mobile-iphone","Big+Sean","/browse/search/Big+Sean",
"1360368632.839157",,"ua-mobile-android","Kelly+Clarkson","/browse/search/Kelly+Clarkson",
"1360368631.863281",,"ua-mobile-blackberry",,"/sync/createplaylist",
"1360368631.856105","Katy Perry","ua-mobile-android",,"/sync/addtolibrary/01011207201000005652000000000031","The One That Got Away"
"1360368631.827297",,"ua-mobile-ipad",,"/sync/createplaylist",
"1360368631.805182",,"ua-mobile-android",,"/ads/showbanner",
"1360368631.797492",,"ua-mobile-iphone",,"/playhistory/uploadhistory",
"1360368631.796837",,"ua-mobile-android",,"/browse/artist/0027",
"1360368630.841301",,"ua-mobile-ipad",,"/playhistory/uploadhistory",
"1360368630.793724",Rihanna,"ua-mobile-blackberry",,"/browse/tracks/01011207201000005652000000000049","You Da One"
"1360368629.849202","Katy Perry","ua-mobile-iphone",,"/sync/addtolibrary/01011207201000005652000000000031","The One That Got Away"
"1360368629.817685",,"ua-mobile-iphone",,"/browse/artist/005",
"1360368628.859045",,"ua-mobile-ipad",,"/ads/showbanner",
"1360368628.816762","Toby Keith","ua-mobile-iphone",,"/sync/addtolibrary/01011207201000005652000000000083","Red Solo Cup"
"1360368628.816629",,"ua-mobile-android",,"/browse/home",
"1360368628.815261",,"ua-mobile-iphone",,"/auth/5554295458",
"1360368628.811289",,"ua-mobile-blackberry",,"/playhistory/uploadhistory",
"1360368628.809403",,"ua-mobile-android",,"/playhistory/uploadhistory",
"1360368628.809121",,"ua-mobile-blackberry",,"/sync/createplaylist",
"1360368628.802777",,"ua-mobile-iphone",,"/sync/createplaylist",
"1360368628.762558",,"ua-mobile-android",,"/browse/artist/0012",
"1360368627.837373",Drake,"ua-mobile-iphone",,"/browse/tracks/01011207201000005652000000000003",Headlines
"1360368625.832986","Flo Rida","ua-mobile-iphone",,"/browse/tracks/01011207201000005652000000000018","Good Feeling"
"1360368625.831051",Rihanna,"ua-mobile-blackberry",,"/sync/addtolibrary/01011207201000005652000000000021","We Found Love"
"1360368625.772860",,"ua-mobile-ipad ua-mobile-iphone",,"/ads/showbanner",
"1360368624.860618",,"ua-mobile-android",,"/playhistory/uploadhistory",
"1360368624.802748",,"ua-mobile-ipad",,"/ads/showbanner",
"1360368624.801174",,"ua-mobile-android",,"/browse/tracks/01011207201000005652000000000025",
"1360368624.194336",,"ua-mobile-iphone",,"/playhistory/uploadhistory",
"1360368623.785743",,"ua-mobile-ipad",,"/browse/artist/0013",
"1360368623.770614","Kelly Clarkson","ua-mobile-iphone",,"/sync/addtolibrary/01011207201000005652000000000055","Mr. Know It All"
"1360368622.840759",,"ua-mobile-ipad",,"/auth/5555059345",
"1360368622.834860",,"ua-mobile-android",,"/browse/home",
"1360368622.805183",,"ua-mobile-iphone",,"/ads/showbanner",
"1360368622.786190",,"ua-mobile-android","Gym+Class+Heroes","/browse/search/Gym+Class+Heroes",
"1360368622.775569",,"ua-mobile-ipad",,"/browse/artist/0044",
"1360368621.841610",,"ua-mobile-iphone",,"/ads/showbanner",
"1360368621.838409",,"ua-mobile-android",,"/ads/showbanner",
"1360368620.848121",,"ua-mobile-blackberry",,"/auth/5557822114",
"1360368620.799605",,"ua-mobile-ipad",,"/ads/showbanner",
"1360368620.776766",,"ua-mobile-iphone",,"/playhistory/uploadhistory",
"1360368619.863678","Foster The People","ua-mobile-android",,"/browse/tracks/01011207201000005652000000000071","Pumped Up Kicks"
"1360368619.858919",,"ua-mobile-iphone",,"/sync/createplaylist",
"1360368619.855633",,"ua-mobile-android","Foster+The+People","/browse/search/Foster+The+People",
"1360368619.847450","Gavin DeGraw","ua-mobile-android",,"/sync/addtolibrary/01011207201000005652000000000084","Not Over You"
"1360368619.768095",,"ua-mobile-android",,"/playhistory/uploadhistory",
"1360368618.845191",,"ua-mobile-android",,"/browse/artist/008",
"1360368617.854281",,"ua-mobile-ipad ua-mobile-iphone","Katy+Perry","/browse/search/Katy+Perry",
"1360368617.803136",,"ua-mobile-iphone",,"/auth/5552243212",
"1360368616.828767",,"ua-mobile-blackberry",,"/browse/artist/005",
"1360368616.805714",Adele,"ua-mobile-ipad",,"/sync/addtolibrary/01011207201000005652000000000013","Someone Like You"
"1360368616.783835",,"ua-mobile-blackberry",,"/browse/home",
"1360368615.834461",,"ua-mobile-android",,"/ads/showbanner",
"1360368615.752395",,"ua-mobile-ipad ua-mobile-iphone",,"/browse/tracks/01011207201000005652000000000025",
"1360368614.859799",,"ua-mobile-ipad",,"/browse/artist/0012",
"1360368614.819755",,"ua-mobile-ipad",,"/ads/showbanner",
"1360368614.818716","Big Sean","ua-mobile-iphone",,"/sync/addtolibrary/01011207201000005652000000000037",Dance
"1360368614.788490","Katy Perry","ua-mobile-ipod",,"/browse/tracks/01011207201000005652000000000031","The One That Got Away"
"1360368613.857100",,"ua-mobile-android",,"/browse/artist/0019",
"1360368613.800098",,"ua-mobile-iphone",,"/browse/home",
"1360368613.796956",,"ua-mobile-ipad",,"/browse/home",
"1360368613.765484",,"ua-mobile-android",,"/browse/home",
"1360368613.758600",,"ua-mobile-ipad",,"/browse/home",
"1360368613.757471","Katy Perry","ua-mobile-iphone",,"/sync/addtolibrary/01011207201000005652000000000031","The One That Got Away"
"1360368612.785633",,"ua-mobile-ipad",,"/browse/home",
"1360368611.811528",LMFAO,"ua-mobile-ipad",,"/browse/tracks/01011207201000005652000000000068","Sexy And I Know It"
"1360368610.854075",,"ua-mobile-ipad ua-mobile-iphone",,"/sync/createplaylist",
"1360368610.851149",,"ua-mobile-blackberry",,"/playhistory/uploadhistory",
"1360368610.820376",,"ua-mobile-android",,"/browse/home",
"1360368610.807168",,"ua-mobile-android",,"/auth/5555896510",
"1360368610.786660",,"ua-mobile-android",,"/auth/5554130240",
"1360368610.773212",,"ua-mobile-android",,"/ads/showbanner",
"1360368610.752835",,"ua-mobile-iphone",,"/auth/5553399856",
"1360368609.816277",,"ua-mobile-blackberry",,"/ads/showbanner",
"1360368609.760145","Kelly Clarkson","ua-mobile-android",,"/sync/addtolibrary/01011207201000005652000000000055","Mr. Know It All"
"1360368608.858979","Maroon 5","ua-mobile-ipad",,"/sync/addtolibrary/01011207201000005652000000000053","Moves Like Jagger"
"1360368607.829943","Luke Bryan","ua-mobile-iphone",,"/browse/tracks/01011207201000005652000000000014","I Don't Want This Night To End"
"1360368607.825931",,"ua-mobile-iphone",,"/playhistory/uploadhistory",
"1360368607.793083",,"ua-mobile-iphone","Cobra+Starship","/browse/search/Cobra+Starship",
"1360368607.751729",,"ua-mobile-ipad",,"/browse/home",
"1360368606.855838",,"ua-mobile-iphone","Katy+Perry","/browse/search/Katy+Perry",
"1360368606.850831",,"ua-mobile-ipad",,"/auth/5555517941",
"1360368606.781711",,"ua-mobile-android",,"/ads/showbanner",
"1360368606.209838",,"ua-mobile-iphone",,"/ads/showbanner",
"1360368605.827333",,"ua-mobile-iphone",,"/auth/5557542589",
"1360368604.854342","Bruno Mars","ua-mobile-android",,"/sync/addtolibrary/01011207201000005652000000000047","It Will Rain"
"1360368604.819334","Cobra Starship","ua-mobile-iphone",,"/browse/tracks/01011207201000005652000000000026","You Make Me Feel"
"1360368604.811879",,"ua-mobile-android",,"/playhistory/uploadhistory",
"1360368604.794970",,"ua-mobile-ipad",,"/auth/5556036834",
"1360368604.786744",,"ua-mobile-android",,"/sync/createplaylist",
"1360368604.774047",,"ua-mobile-android","Luke+Bryan","/browse/search/Luke+Bryan",
"1360368603.855435","Big Sean","ua-mobile-iphone",,"/browse/tracks/01011207201000005652000000000037",Dance
"1360368603.749446",,"ua-mobile-android",Rihanna,"/browse/search/Rihanna",
"1360368602.844077",,"ua-mobile-iphone",,"/ads/showbanner",
"1360368602.830610","Gavin DeGraw","ua-mobile-ipad",,"/sync/addtolibrary/01011207201000005652000000000084","Not Over You"
"1360368602.783900",,"ua-mobile-iphone",,"/auth/5557415314",
"1360368601.828972",,"ua-mobile-android",,"/ads/showbanner",
"1360368601.808471",,"ua-mobile-ipad",,"/browse/artist/005",
"1360368601.795987",,"ua-mobile-android",,"/browse/artist/0011",
"1360368601.767004","J.Cole","ua-mobile-iphone",,"/browse/tracks/01011207201000005652000000000011","Work Out"
"1360368600.752828",,"ua-mobile-iphone",,"/browse/home",
"1360368600.744735",,"ua-mobile-android",,"/browse/artist/0026",
"1360368599.746953","Jay Z Kanye West","ua-mobile-iphone",,"/sync/addtolibrary/01011207201000005652000000000007","Ninjas in Paris"
"1360368598.824395",,"ua-mobile-blackberry",Adele,"/browse/search/Adele",
"1360368598.816345",,"ua-mobile-ipad",,"/browse/artist/0013",
"1360368598.808793",Drake,"ua-mobile-android",,"/sync/addtolibrary/01011207201000005652000000000003",Headlines
"1360368598.798728",,"ua-mobile-android",,"/browse/artist/0021",
"1360368598.775326",,"ua-mobile-ipad",,"/ads/showbanner",
"1360368598.751703",,"ua-mobile-ipod",,"/ads/showbanner",
"1360368597.821090",,"ua-mobile-android",,"/auth/5557822114",
"1360368597.820982",,"ua-mobile-ipad",,"/browse/artist/0022",
"1360368597.790132",Adele,"ua-mobile-iphone",,"/sync/addtolibrary/01011207201000005652000000000013","Someone Like You"
"1360368596.778072",,"ua-mobile-android",,"/browse/home",
"1360368596.760749",,"ua-mobile-android",,"/browse/home",
"1360368595.842634",,"ua-mobile-ipad",,"/sync/createplaylist",
"1360368595.789765","Maroon 5","ua-mobile-iphone",,"/sync/addtolibrary/01011207201000005652000000000053","Moves Like Jagger"
"1360368594.805819",,"ua-mobile-android",,"/ads/showbanner",
"1360368594.796866",,"ua-mobile-android",,"/browse/home",
"1360368594.762609",,"ua-mobile-ipad ua-mobile-iphone",,"/browse/home",
"1360368594.753101",,"ua-mobile-blackberry","Kanye+West","/browse/search/Kanye+West",
"1360368593.822792",,"ua-mobile-android","Luke+Bryan","/browse/search/Luke+Bryan",
"1360368592.838847",,"ua-mobile-blackberry",,"/playhistory/uploadhistory",
"1360368592.822529",,"ua-mobile-blackberry",Drake,"/browse/search/Drake",
"1360368591.834766",,"ua-mobile-android",,"/ads/showbanner",
"1360368591.832063",,"ua-mobile-iphone",,"/auth/5552977358",
"1360368591.826790",,"ua-mobile-android",,"/browse/artist/007",
"1360368590.846635",,"ua-mobile-android",,"/browse/home",
"1360368590.836446",,"ua-mobile-android","Flo+Rida","/browse/search/Flo+Rida",
"1360368590.791842",Rihanna,"ua-mobile-ipad",,"/sync/addtolibrary/01011207201000005652000000000049","You Da One"
"1360368590.781541",,"ua-mobile-iphone",Drake,"/browse/search/Drake",
"1360368589.742103","Flo Rida","ua-mobile-iphone",,"/browse/tracks/01011207201000005652000000000018","Good Feeling"
"1360368588.766984",,"ua-mobile-android",,"/browse/artist/0020",
"1360368587.837603",,"ua-mobile-android",,"/auth/5558485552",
"1360368587.836130",,"ua-mobile-blackberry",,"/browse/artist/0032",
"1360368587.762371",,"ua-mobile-iphone",,"/browse/artist/001",
"1360368587.236011","Gavin DeGraw","ua-mobile-iphone",,"/browse/tracks/01011207201000005652000000000084","Not Over You"
"1360368586.813853",,"ua-mobile-iphone",LMFAO,"/browse/search/LMFAO",
"1360368586.811098",,"ua-mobile-android",,"/playhistory/uploadhistory",
"1360368586.797113",,"ua-mobile-android",,"/browse/home",
"1360368586.792602",Rihanna,"ua-mobile-iphone",,"/browse/tracks/01011207201000005652000000000021","We Found Love"
"1360368586.763858",,"ua-mobile-android",,"/browse/home",
"1360368586.742408",LMFAO,"ua-mobile-ipad",,"/sync/addtolibrary/01011207201000005652000000000068","Sexy And I Know It"
"1360368585.844347",,"ua-mobile-android","Maroon+5","/browse/search/Maroon+5",
"1360368584.752966","Flo Rida","ua-mobile-ipad ua-mobile-iphone",,"/browse/tracks/01011207201000005652000000000018","Good Feeling"
"1360368583.840164",,"ua-mobile-ipad",,"/playhistory/uploadhistory",
"1360368583.823824",,"ua-mobile-blackberry",,"/sync/createplaylist",
"1360368583.811019",,"ua-mobile-android",,"/ads/showbanner",
"1360368583.778241",,"ua-mobile-iphone",,"/browse/home",
"1360368583.773209","Foster The People","ua-mobile-ipad",,"/sync/addtolibrary/01011207201000005652000000000071","Pumped Up Kicks"
"1360368581.840171",,"ua-mobile-android",,"/playhistory/uploadhistory",
"1360368581.811607",,"ua-mobile-ipad",LMFAO,"/browse/search/LMFAO",
"1360368581.806770",,"ua-mobile-blackberry","T-Pain","/browse/search/T-Pain",
"1360368581.781734",,"ua-mobile-android","Flo+Rida","/browse/search/Flo+Rida",
"1360368581.757654","Cobra Starship","ua-mobile-iphone",,"/sync/addtolibrary/01011207201000005652000000000026","You Make Me Feel"
"1360368580.840699",,"ua-mobile-ipad",,"/auth/5555686173",
"1360368580.815260",,"ua-mobile-iphone",,"/auth/5558504854",
"1360368580.807105","Snoop Dogg","ua-mobile-ipad",,"/sync/addtolibrary/01011207201000005652000000000017","Young Wild & Free"
"1360368580.764177",Adele,"ua-mobile-ipad ua-mobile-iphone",,"/browse/tracks/01011207201000005652000000000013","Someone Like You"
"1360368580.741964",,"ua-mobile-android",,"/sync/createplaylist",
"1360368579.752940","Cobra Starship","ua-mobile-android",,"/browse/tracks/01011207201000005652000000000026","You Make Me Feel"
"1360368579.750299","Kelly Clarkson","ua-mobile-android",,"/sync/addtolibrary/01011207201000005652000000000055","Mr. Know It All"
"1360368578.818734",,"ua-mobile-iphone","J.Cole","/browse/search/J.Cole",
"1360368578.812466",,"ua-mobile-android",,"/browse/artist/0018",
"1360368578.778711",,"ua-mobile-ipad ua-mobile-iphone",,"/sync/createplaylist",
"1360368578.742417",,"ua-mobile-android",,"/playhistory/uploadhistory",
"1360368576.824660",,"ua-mobile-android",,"/browse/home",
"1360368575.831549","Jay Z Kanye West","ua-mobile-android",,"/sync/addtolibrary/01011207201000005652000000000007","Ninjas in Paris"
"1360368575.815147",,"ua-mobile-android",,"/browse/home",
"1360368575.798885",,"ua-mobile-android",,"/browse/artist/0017",
"1360368575.795074",,"ua-mobile-iphone",,"/playhistory/uploadhistory",
"1360368575.745654",,"ua-mobile-iphone",,"/playhistory/uploadhistory",
"1360368574.807654",,"ua-mobile-android",,"/playhistory/uploadhistory",
"1360368574.803341","Gym Class Heroes","ua-mobile-android",,"/browse/tracks/01011207201000005652000000000029","Stereo Hearts"
"1360368574.765874",,"ua-mobile-android",,"/ads/showbanner",
"1360368574.746857",,"ua-mobile-ipad ua-mobile-iphone",,"/browse/artist/0019",
"1360368574.743202",,"ua-mobile-iphone",,"/ads/showbanner",
"1360368574.170819","Maroon 5","ua-mobile-iphone",,"/sync/addtolibrary/01011207201000005652000000000053","Moves Like Jagger"
"1360368573.817310",,"ua-mobile-iphone",,"/ads/showbanner",
"1360368573.742971",,"ua-mobile-iphone",,"/playhistory/uploadhistory",
"1360368573.734048",,"ua-mobile-ipad",,"/browse/artist/0013",
"1360368572.802217",,"ua-mobile-android","David+Guetta","/browse/search/David+Guetta",
"1360368571.822396",,"ua-mobile-android",,"/browse/artist/0027",
"1360368571.812136",,"ua-mobile-iphone",,"/browse/artist/0022",
"1360368571.792151",,"ua-mobile-blackberry",,"/browse/home",
"1360368571.765422","Kelly Clarkson","ua-mobile-blackberry",,"/sync/addtolibrary/01011207201000005652000000000055","Mr. Know It All"
"1360368571.739361",,"ua-mobile-android",,"/browse/home",
"1360368570.828896",,"ua-mobile-iphone",,"/sync/createplaylist",
"1360368570.774410",,"ua-mobile-iphone",,"/playhistory/uploadhistory",
"1360368569.724828",,"ua-mobile-android",,"/browse/artist/0016",
"1360368569.724022",,"ua-mobile-android",,"/playhistory/uploadhistory",
"1360368568.829524",,"ua-mobile-android",,"/ads/showbanner",
"1360368568.792766",,"ua-mobile-blackberry",,"/playhistory/uploadhistory",
"1360368568.753857",,"ua-mobile-blackberry",,"/ads/showbanner",
"1360368568.735929",,"ua-mobile-android",,"/browse/home",
"1360368568.727488",,"ua-mobile-ipad",,"/sync/createplaylist",
"1360368567.771366",,"ua-mobile-ipad",,"/browse/tracks/01011207201000005652000000000025",
"1360368566.816758",,"ua-mobile-android",,"/browse/home",
"1360368566.727452",,"ua-mobile-android",,"/sync/createplaylist",
"1360368565.833928",,"ua-mobile-android",,"/ads/showbanner",
"1360368565.793686",,"ua-mobile-android",,"/playhistory/uploadhistory",
"1360368565.779522",,"ua-mobile-iphone",,"/playhistory/uploadhistory",
"1360368565.733672",,"ua-mobile-iphone",,"/auth/5559364524",
"1360368564.825456",,"ua-mobile-android",,"/browse/artist/001",
"1360368564.797088",,"ua-mobile-android",,"/browse/artist/0044",
"1360368564.793192",,"ua-mobile-android",,"/playhistory/uploadhistory",
"1360368564.753760",,"ua-mobile-ipad","Katy+Perry","/browse/search/Katy+Perry",
"1360368563.785129","Bruno Mars","ua-mobile-iphone",,"/sync/addtolibrary/01011207201000005652000000000047","It Will Rain"
"1360368563.778836","Bruno Mars","ua-mobile-iphone",,"/sync/addtolibrary/01011207201000005652000000000047","It Will Rain"
"1360368563.774423","Kelly Clarkson","ua-mobile-android",,"/browse/tracks/01011207201000005652000000000055","Mr. Know It All"
"1360368563.767016",,"ua-mobile-iphone",,"/browse/home",
"1360368563.239349",,"ua-mobile-iphone",,"/browse/home",
"1360368562.824928",,"ua-mobile-iphone",,"/sync/createplaylist",
"1360368562.796548",,"ua-mobile-android",,"/auth/5556374832",
"1360368562.784967",,"ua-mobile-android",,"/browse/home",
"1360368562.784228",,"ua-mobile-iphone",,"/playhistory/uploadhistory",
"1360368562.778415",,"ua-mobile-blackberry",,"/ads/showbanner",
"1360368562.771745",,"ua-mobile-android","Snoop+Dogg","/browse/search/Snoop+Dogg",
"1360368561.768999",Rihanna,"ua-mobile-ipad",,"/sync/addtolibrary/01011207201000005652000000000049","You Da One"
"1360368561.732024","T-Pain","ua-mobile-ipad",,"/sync/addtolibrary/01011207201000005652000000000023","5 0'Clock"
"1360368561.722479",,"ua-mobile-android",,"/playhistory/uploadhistory",
"1360368560.823185",,"ua-mobile-iphone",,"/ads/showbanner",
"1360368560.738544",,"ua-mobile-android",,"/browse/artist/007",
"1360368559.759567","Gym Class Heroes","ua-mobile-ipad ua-mobile-iphone",,"/sync/addtolibrary/01011207201000005652000000000029","Stereo Hearts"
"1360368558.752793",,"ua-mobile-iphone",,"/auth/5554276306",
"1360368558.747593","T-Pain","ua-mobile-android",,"/browse/tracks/01011207201000005652000000000023","5 0'Clock"
"1360368558.723961",,"ua-mobile-iphone",,"/browse/home",
"1360368558.718929",,"ua-mobile-ipad",,"/playhistory/uploadhistory",
"1360368557.807230",,"ua-mobile-iphone",,"/browse/home",
"1360368557.736007",,"ua-mobile-iphone",,"/ads/showbanner",
"1360368557.731657",,"ua-mobile-ipad",,"/sync/createplaylist",
"1360368556.801259",,"ua-mobile-android",,"/playhistory/uploadhistory",
"1360368556.765933","Gym Class Heroes","ua-mobile-blackberry",,"/browse/tracks/01011207201000005652000000000029","Stereo Hearts"
"1360368555.802854",,"ua-mobile-android",,"/browse/home",
"1360368555.791459",,"ua-mobile-iphone",,"/browse/home",
"1360368555.789127",,"ua-mobile-ipad",,"/browse/artist/005",
"1360368555.727028",,"ua-mobile-iphone",,"/sync/createplaylist",
"1360368554.736701","Cobra Starship","ua-mobile-iphone",,"/sync/addtolibrary/01011207201000005652000000000026","You Make Me Feel"
"1360368553.786427","Gavin DeGraw","ua-mobile-android",,"/sync/addtolibrary/01011207201000005652000000000084","Not Over You"
"1360368553.777890",,"ua-mobile-android",,"/browse/home",
"1360368553.753196",Rihanna,"ua-mobile-iphone",,"/sync/addtolibrary/01011207201000005652000000000049","You Da One"
"1360368553.729074",,"ua-mobile-android",,"/ads/showbanner",
"1360368552.800688","Luke Bryan","ua-mobile-android",,"/browse/tracks/01011207201000005652000000000014","I Don't Want This Night To End"
"1360368552.744018",,"ua-mobile-ipad",,"/auth/5552547017",
"1360368551.821337","Cobra Starship","ua-mobile-android",,"/sync/addtolibrary/01011207201000005652000000000026","You Make Me Feel"
"1360368551.722309",,"ua-mobile-android",,"/browse/home",
"1360368550.784713",,"ua-mobile-blackberry",,"/playhistory/uploadhistory",
"1360368550.777670",,"ua-mobile-android",,"/browse/home",
"1360368550.757608",Drake,"ua-mobile-iphone",,"/browse/tracks/01011207201000005652000000000003",Headlines
"1360368550.729566","Bruno Mars","ua-mobile-android",,"/sync/addtolibrary/01011207201000005652000000000047","It Will Rain"
"1360368550.724252",,"ua-mobile-iphone",,"/auth/5558341450",
"1360368549.781404",,"ua-mobile-iphone",,"/playhistory/uploadhistory",
"1360368548.793636",,"ua-mobile-blackberry",,"/browse/home",
"1360368548.718668","David Guetta","ua-mobile-iphone",,"/sync/addtolibrary/01011207201000005652000000000041","Without You"
"1360368547.786452","Bruno Mars","ua-mobile-iphone",,"/browse/tracks/01011207201000005652000000000047","It Will Rain"
"1360368547.736874",,"ua-mobile-blackberry","Gym+Class+Heroes","/browse/search/Gym+Class+Heroes",
"1360368547.722095",Adele,"ua-mobile-ipad",,"/sync/addtolibrary/01011207201000005652000000000013","Someone Like You"
"1360368547.719398",,"ua-mobile-ipad","Kanye+West","/browse/search/Kanye+West",
"1360368546.814170",,"ua-mobile-android",,"/playhistory/uploadhistory",
"1360368546.797607",,"ua-mobile-iphone","Gym+Class+Heroes","/browse/search/Gym+Class+Heroes",
"1360368546.792529",,"ua-mobile-ipad",,"/browse/tracks/01011207201000005652000000000025",
"1360368546.770599",,"ua-mobile-ipad",Adele,"/browse/search/Adele",
"1360368546.736752",,"ua-mobile-blackberry",,"/sync/createplaylist",
"1360368545.809185","Gym Class Heroes","ua-mobile-iphone",,"/sync/addtolibrary/01011207201000005652000000000029","Stereo Hearts"
"1360368545.746569",,"ua-mobile-iphone",,"/browse/home",
"1360368544.788484","Snoop Dogg","ua-mobile-ipad",,"/browse/tracks/01011207201000005652000000000017","Young Wild & Free"
"1360368544.762116",Rihanna,"ua-mobile-android",,"/sync/addtolibrary/01011207201000005652000000000049","You Da One"
"1360368544.734537",,"ua-mobile-android",,"/browse/home",
"1360368544.725803",,"ua-mobile-iphone","Flo+Rida","/browse/search/Flo+Rida",
"1360368544.720768",,"ua-mobile-ipad",,"/browse/artist/0011",
"1360368544.251837",,"ua-mobile-iphone",,"/browse/artist/001",
"1360368543.817385",,"ua-mobile-ipad",,"/playhistory/uploadhistory",
"1360368542.804417",,"ua-mobile-android",Rihanna,"/browse/search/Rihanna",
"1360368542.800933",,"ua-mobile-android",,"/playhistory/uploadhistory",
"1360368542.767755",,"ua-mobile-iphone",,"/auth/5557128051",
"1360368542.736570","Foster The People","ua-mobile-blackberry",,"/browse/tracks/01011207201000005652000000000071","Pumped Up Kicks"
"1360368541.769991","Maroon 5","ua-mobile-iphone",,"/sync/addtolibrary/01011207201000005652000000000053","Moves Like Jagger"
"1360368540.787521",,"ua-mobile-iphone",,"/playhistory/uploadhistory",
"1360368539.806468","Cobra Starship","ua-mobile-ipad",,"/sync/addtolibrary/01011207201000005652000000000026","You Make Me Feel"
"1360368539.769759",,"ua-mobile-iphone",,"/sync/createplaylist",
"1360368539.768173",,"ua-mobile-ipad",,"/browse/home",
"1360368539.711318",,"ua-mobile-android","Maroon+5","/browse/search/Maroon+5",
"1360368538.807289",,"ua-mobile-iphone",,"/ads/showbanner",
"1360368538.791094",,"ua-mobile-iphone",Drake,"/browse/search/Drake",
"1360368538.756187",,"ua-mobile-blackberry",,"/auth/5559645866",
"1360368538.741955",,"ua-mobile-iphone",,"/ads/showbanner",
"1360368538.728918",,"ua-mobile-ipad",,"/playhistory/uploadhistory",
"1360368537.811755",,"ua-mobile-android",,"/browse/artist/0013",
"1360368537.743023","Big Sean","ua-mobile-ipad ua-mobile-iphone",,"/sync/addtolibrary/01011207201000005652000000000037",Dance
"1360368537.743007","J.Cole","ua-mobile-ipad",,"/sync/addtolibrary/01011207201000005652000000000011","Work Out"
"1360368537.720136","Luke Bryan","ua-mobile-iphone",,"/sync/addtolibrary/01011207201000005652000000000014","I Don't Want This Night To End"
"1360368536.739870",,"ua-mobile-ipod",,"/sync/createplaylist",
"1360368535.813495",,"ua-mobile-ipad ua-mobile-iphone",,"/playhistory/uploadhistory",
"1360368535.752864",Drake,"ua-mobile-android",,"/browse/tracks/01011207201000005652000000000003",Headlines
"1360368535.738975",,"ua-mobile-iphone",,"/playhistory/uploadhistory",
"1360368535.736514",,"ua-mobile-blackberry","Kanye+West","/browse/search/Kanye+West",
"1360368535.733099",,"ua-mobile-iphone",,"/auth/5553550742",
"1360368535.706559",,"ua-mobile-iphone",,"/playhistory/uploadhistory",
"1360368534.745368",,"ua-mobile-blackberry",,"/auth/5556408359",
"1360368533.774028","Flo Rida","ua-mobile-android",,"/sync/addtolibrary/01011207201000005652000000000018","Good Feeling"
"1360368533.737374",,"ua-mobile-android",,"/sync/createplaylist",
"1360368532.787503",,"ua-mobile-android",,"/auth/5557568693",
"1360368532.737182",,"ua-mobile-ipad",,"/playhistory/uploadhistory",
"1360368532.233766",,"ua-mobile-iphone",,"/playhistory/uploadhistory",
"1360368531.770359",,"ua-mobile-android",,"/browse/home",
"1360368531.717871",,"ua-mobile-ipad",,"/auth/5554090471",
"1360368530.713825",,"ua-mobile-iphone",,"/sync/createplaylist",
"1360368530.706486",,"ua-mobile-android","Kanye+West","/browse/search/Kanye+West",
"1360368529.761932",,"ua-mobile-iphone",,"/sync/createplaylist",
"1360368529.756052",,"ua-mobile-android",,"/ads/showbanner",
"1360368529.751889",,"ua-mobile-android","Flo+Rida","/browse/search/Flo+Rida",
"1360368529.731149",,"ua-mobile-android","Kanye+West","/browse/search/Kanye+West",
"1360368529.723849",,"ua-mobile-android",,"/sync/createplaylist",
"1360368529.711482","Bruno Mars","ua-mobile-android",,"/browse/tracks/01011207201000005652000000000047","It Will Rain"
"1360368528.737837",,"ua-mobile-ipad",,"/browse/home",
"1360368527.782355",,"ua-mobile-ipad ua-mobile-iphone",,"/playhistory/uploadhistory",
"1360368527.718673",,"ua-mobile-android",,"/browse/home",
"1360368526.781791",,"ua-mobile-iphone",,"/ads/showbanner",
"1360368526.746343",Rihanna,"ua-mobile-blackberry",,"/browse/tracks/01011207201000005652000000000049","You Da One"
"1360368526.744382","Jay Z Kanye West","ua-mobile-android",,"/sync/addtolibrary/01011207201000005652000000000007","Ninjas in Paris"
"1360368526.741289",,"ua-mobile-iphone",,"/browse/artist/0026",
"1360368526.702206","Toby Keith","ua-mobile-iphone",,"/browse/tracks/01011207201000005652000000000083","Red Solo Cup"
"1360368525.800154",,"ua-mobile-android",,"/ads/showbanner",
"1360368525.785780","Kelly Clarkson","ua-mobile-ipad",,"/sync/addtolibrary/01011207201000005652000000000055","Mr. Know It All"
"1360368524.808176","Big Sean","ua-mobile-ipad",,"/sync/addtolibrary/01011207201000005652000000000037",Dance
"1360368524.769850",,"ua-mobile-android","Luke+Bryan","/browse/search/Luke+Bryan",
"1360368524.740829",,"ua-mobile-ipad",,"/browse/artist/0015",
"1360368523.768343","Cobra Starship","ua-mobile-blackberry",,"/sync/addtolibrary/01011207201000005652000000000026","You Make Me Feel"
"1360368523.761872","Big Sean","ua-mobile-ipad ua-mobile-iphone",,"/sync/addtolibrary/01011207201000005652000000000037",Dance
"1360368523.717333",,"ua-mobile-iphone",,"/browse/home",
"1360368523.699951",,"ua-mobile-blackberry",LMFAO,"/browse/search/LMFAO",
"1360368521.762648",,"ua-mobile-android","Snoop+Dogg","/browse/search/Snoop+Dogg",
"1360368521.729809","J.Cole","ua-mobile-android",,"/sync/addtolibrary/01011207201000005652000000000011","Work Out"
"1360368521.720216",,"ua-mobile-iphone",,"/sync/createplaylist",
"1360368521.698097",Rihanna,"ua-mobile-iphone",,"/sync/addtolibrary/01011207201000005652000000000021","We Found Love"
"1360368520.755907",,"ua-mobile-ipad",,"/playhistory/uploadhistory",
"1360368520.721948",,"ua-mobile-android",,"/auth/5558945948",
"1360368520.721277",,"ua-mobile-ipad ua-mobile-iphone",,"/playhistory/uploadhistory",
"1360368520.699037","Big Sean","ua-mobile-iphone",,"/browse/tracks/01011207201000005652000000000037",Dance
"1360368519.788962",,"ua-mobile-iphone",,"/ads/showbanner",
"1360368519.748982",,"ua-mobile-iphone",,"/sync/createplaylist",
"1360368518.751138","David Guetta","ua-mobile-ipod",,"/sync/addtolibrary/01011207201000005652000000000041","Without You"
"1360368517.795845",Rihanna,"ua-mobile-android",,"/browse/tracks/01011207201000005652000000000021","We Found Love"
"1360368517.767801",,"ua-mobile-blackberry",,"/sync/createplaylist",
"1360368517.767256",,"ua-mobile-iphone",,"/browse/artist/0016",
"1360368517.757782",,"ua-mobile-android",,"/auth/5556537930",
"1360368517.738300",,"ua-mobile-iphone",,"/auth/5554464236",
"1360368517.717475",,"ua-mobile-iphone","Kelly+Clarkson","/browse/search/Kelly+Clarkson",
"1360368517.704385",,"ua-mobile-iphone","Cobra+Starship","/browse/search/Cobra+Starship",
"1360368516.771573","Bruno Mars","ua-mobile-iphone",,"/sync/addtolibrary/01011207201000005652000000000047","It Will Rain"
"1360368516.769837","Bruno Mars","ua-mobile-iphone",,"/sync/addtolibrary/01011207201000005652000000000047","It Will Rain"
"1360368516.750979",,"ua-mobile-iphone",,"/sync/createplaylist",
"1360368516.724749",,"ua-mobile-blackberry",,"/browse/home",
"1360368515.765075",,"ua-mobile-android",,"/auth/5559472318",
"1360368515.763468",,"ua-mobile-android",,"/sync/createplaylist",
"1360368515.162681",,"ua-mobile-iphone",,"/sync/createplaylist",
"1360368514.796167",,"ua-mobile-ipad",,"/browse/home",
"1360368514.795368",,"ua-mobile-android",,"/sync/createplaylist",
"1360368514.726763",,"ua-mobile-iphone",,"/browse/home",
"1360368514.709608",,"ua-mobile-iphone",,"/browse/artist/0022",
"1360368514.692479",,"ua-mobile-iphone",,"/browse/tracks/01011207201000005652000000000025",
"1360368513.798343",,"ua-mobile-android",,"/browse/tracks/01011207201000005652000000000025",
"1360368513.740587",,"ua-mobile-android","Toby+Keith","/browse/search/Toby+Keith",
"1360368512.753646",,"ua-mobile-android","Toby+Keith","/browse/search/Toby+Keith",
"1360368512.745214",,"ua-mobile-ipad",,"/playhistory/uploadhistory",
"1360368512.717493",,"ua-mobile-android",,"/ads/showbanner",
"1360368511.799751",Drake,"ua-mobile-android",,"/sync/addtolibrary/01011207201000005652000000000003",Headlines
"1360368510.763249",,"ua-mobile-iphone",,"/browse/artist/006",
"1360368510.696138",,"ua-mobile-android",,"/auth/5558021323",
"1360368509.778183",,"ua-mobile-android",,"/playhistory/uploadhistory",
"1360368509.745782",,"ua-mobile-ipad",,"/browse/artist/0017",
"1360368509.741570",,"ua-mobile-iphone",,"/browse/home",
"1360368508.789311",,"ua-mobile-android",,"/browse/artist/0020",
"1360368508.786749",,"ua-mobile-android",,"/playhistory/uploadhistory",
"1360368508.777257",,"ua-mobile-iphone",,"/browse/artist/0013",
"1360368508.735492",,"ua-mobile-android",,"/playhistory/uploadhistory",
"1360368508.734386",,"ua-mobile-ipad",,"/ads/showbanner",
"1360368508.708210",,"ua-mobile-ipad","Gym+Class+Heroes","/browse/search/Gym+Class+Heroes",
"1360368508.702877",,"ua-mobile-iphone",,"/sync/createplaylist",
"1360368508.700222",,"ua-mobile-android","Cobra+Starship","/browse/search/Cobra+Starship",
"1360368506.788933",,"ua-mobile-blackberry",,"/sync/createplaylist",
"1360368506.691573",Rihanna,"ua-mobile-ipad",,"/browse/tracks/01011207201000005652000000000049","You Da One"
"1360368505.788752","Big Sean","ua-mobile-android",,"/sync/addtolibrary/01011207201000005652000000000037",Dance
"1360368505.738519",,"ua-mobile-ipad",,"/playhistory/uploadhistory",
"1360368505.726445",,"ua-mobile-android","Kelly+Clarkson","/browse/search/Kelly+Clarkson",
"1360368504.787631",,"ua-mobile-ipad","David+Guetta","/browse/search/David+Guetta",
"1360368504.758594","Cobra Starship","ua-mobile-iphone",,"/browse/tracks/01011207201000005652000000000026","You Make Me Feel"
"1360368504.717310",,"ua-mobile-android","Luke+Bryan","/browse/search/Luke+Bryan",
"1360368504.714605","Katy Perry","ua-mobile-iphone",,"/sync/addtolibrary/01011207201000005652000000000031","The One That Got Away"
"1360368503.714884",,"ua-mobile-android",,"/auth/5556625625",
"1360368502.782116",,"ua-mobile-iphone",,"/browse/artist/005",
"1360368502.741716",,"ua-mobile-ipad",,"/sync/createplaylist",
"1360368502.737927",,"ua-mobile-android",,"/ads/showbanner",
"1360368502.701869",,"ua-mobile-ipad ua-mobile-iphone",,"/browse/artist/008",
"1360368501.755587",,"ua-mobile-ipad",,"/sync/createplaylist",
"1360368501.739189",,"ua-mobile-android",,"/auth/5556438360",
"1360368500.751586","Gym Class Heroes","ua-mobile-android",,"/sync/addtolibrary/01011207201000005652000000000029","Stereo Hearts"
"1360368500.740030",,"ua-mobile-iphone",,"/ads/showbanner",
"1360368500.703254",Drake,"ua-mobile-iphone",,"/browse/tracks/01011207201000005652000000000003",Headlines
"1360368500.178173",,"ua-mobile-iphone",,"/playhistory/uploadhistory",
"1360368499.775795",,"ua-mobile-blackberry",,"/ads/showbanner",
"1360368498.784354",,"ua-mobile-android",,"/sync/createplaylist",
"1360368498.771719",,"ua-mobile-android",,"/auth/5557586339",
"1360368498.769061",,"ua-mobile-android",,"/browse/home",
"1360368498.713976",,"ua-mobile-android",,"/auth/5554345946",
"1360368496.762753",,"ua-mobile-android",,"/ads/showbanner",
"1360368496.761855",,"ua-mobile-android",,"/ads/showbanner",
"1360368496.744752",,"ua-mobile-android",,"/playhistory/uploadhistory",
"1360368496.736133","Kelly Clarkson","ua-mobile-android",,"/sync/addtolibrary/01011207201000005652000000000055","Mr. Know It All"
"1360368496.729686","Katy Perry","ua-mobile-android",,"/browse/tracks/01011207201000005652000000000031","The One That Got Away"
"1360368496.688964",,"ua-mobile-android","Katy+Perry","/browse/search/Katy+Perry",
"1360368496.688642",,"ua-mobile-android",,"/ads/showbanner",
"1360368495.789526",,"ua-mobile-iphone","Snoop+Dogg","/browse/search/Snoop+Dogg",
"1360368495.773246",,"ua-mobile-ipad",,"/browse/home",
"1360368495.706841",,"ua-mobile-android",,"/auth/5557172548",
"1360368493.789205",,"ua-mobile-blackberry",,"/ads/showbanner",
"1360368493.756260",,"ua-mobile-iphone",,"/auth/5555826139",
"1360368493.752488",,"ua-mobile-ipad","David+Guetta","/browse/search/David+Guetta",
"1360368493.738126",,"ua-mobile-android",,"/playhistory/uploadhistory",
"1360368493.728657",,"ua-mobile-android",,"/sync/createplaylist",
"1360368493.704239",,"ua-mobile-android",,"/auth/5552348684",
"1360368492.746545","Toby Keith","ua-mobile-android",,"/browse/tracks/01011207201000005652000000000083","Red Solo Cup"
"1360368492.743300",,"ua-mobile-android","Flo+Rida","/browse/search/Flo+Rida",
"1360368492.705380","Snoop Dogg","ua-mobile-ipad",,"/browse/tracks/01011207201000005652000000000017","Young Wild & Free"
"1360368491.738571","Kelly Clarkson","ua-mobile-iphone",,"/browse/tracks/01011207201000005652000000000055","Mr. Know It All"
"1360368490.769026",,"ua-mobile-android",,"/browse/home",
"1360368490.726070",,"ua-mobile-ipad ua-mobile-iphone",,"/ads/showbanner",
"1360368490.689961",,"ua-mobile-ipad",,"/playhistory/uploadhistory",
"1360368489.783859","Jay Z Kanye West","ua-mobile-android",,"/sync/addtolibrary/01011207201000005652000000000007","Ninjas in Paris"
"1360368488.765824","Kelly Clarkson","ua-mobile-android",,"/browse/tracks/01011207201000005652000000000055","Mr. Know It All"
"1360368488.760257",,"ua-mobile-android",LMFAO,"/browse/search/LMFAO",
"1360368488.701600","Kelly Clarkson","ua-mobile-iphone",,"/sync/addtolibrary/01011207201000005652000000000055","Mr. Know It All"
"1360368488.680152","J.Cole","ua-mobile-android",,"/browse/tracks/01011207201000005652000000000011","Work Out"
"1360368487.782832",,"ua-mobile-iphone",,"/ads/showbanner",
"1360368487.771605","Jay Z Kanye West","ua-mobile-android",,"/browse/tracks/01011207201000005652000000000007","Ninjas in Paris"
"1360368487.731868",,"ua-mobile-iphone","Flo+Rida","/browse/search/Flo+Rida",
"1360368487.719948","Luke Bryan","ua-mobile-android",,"/browse/tracks/01011207201000005652000000000014","I Don't Want This Night To End"
"1360368486.738182",,"ua-mobile-android",,"/sync/createplaylist",
"1360368486.727804",,"ua-mobile-android",,"/playhistory/uploadhistory",
"1360368485.746551",,"ua-mobile-android",,"/ads/showbanner",
"1360368485.728995",,"ua-mobile-blackberry","Cobra+Starship","/browse/search/Cobra+Starship",
"1360368485.700031",,"ua-mobile-android",,"/ads/showbanner",
"1360368485.691998",Drake,"ua-mobile-blackberry",,"/sync/addtolibrary/01011207201000005652000000000003",Headlines
"1360368484.752988",,"ua-mobile-android",,"/browse/home",
"1360368484.726133","Cobra Starship","ua-mobile-blackberry",,"/sync/addtolibrary/01011207201000005652000000000026","You Make Me Feel"
"1360368484.690592",,"ua-mobile-iphone",,"/browse/home",
"1360368483.759448",,"ua-mobile-iphone",,"/playhistory/uploadhistory",
"1360368483.737856","Big Sean","ua-mobile-android",,"/browse/tracks/01011207201000005652000000000037",Dance
"1360368482.770209",,"ua-mobile-iphone",,"/sync/createplaylist",
"1360368482.768925",,"ua-mobile-iphone",,"/browse/home",
"1360368482.180031",,"ua-mobile-iphone",,"/ads/showbanner",
"1360368481.779594",,"ua-mobile-iphone",,"/browse/home",
"1360368481.752966",,"ua-mobile-ipad","Gavin+DeGraw","/browse/search/Gavin+DeGraw",
"1360368481.722044",,"ua-mobile-iphone",,"/playhistory/uploadhistory",
"1360368481.690428","Toby Keith","ua-mobile-iphone",,"/sync/addtolibrary/01011207201000005652000000000083","Red Solo Cup"
"1360368481.686024",,"ua-mobile-ipad",,"/sync/createplaylist",
"1360368480.725532",,"ua-mobile-ipad ua-mobile-iphone",,"/auth/5555180934",
"1360368480.715374",,"ua-mobile-iphone",,"/browse/home",
"1360368480.708594",,"ua-mobile-iphone",,"/sync/createplaylist",
